,angle,torque,diff
0,38.7,4.4,-0.35454545454545455
1,49.7,0.5,-0.35454545454545455
